Product_Name,Pricing,Ratings
Samsung 80cm (32 inch) HD Ready LED TV 2018 Edition , Rs.14999,4.311,075
Samsung Series 4 80cm (32 inch) HD Ready LED Smart TV , Rs.20999,4.514
Samsung Series 4 80cm (32 inch) HD Ready LED TV , Rs.19599,4.334
Samsung Series 5 80cm (32 inch) Full HD LED Smart TV , Rs.30300,4.5130
Samsung Series 4 80cm (32 inch) HD Ready LED Smart TV , Rs.26000,4.561
Samsung Basic Smart 80cm (32 inch) HD Ready LED TV , Rs.31500Up to ,4.613
Samsung 80cm (32 inch) HD Ready LED TV , Rs.14999,4.323,866
Samsung 4 80cm (32 inch) HD Ready LED Smart TV , Rs.33900Up to ,4.519
Samsung Series 4 80cm (32 inch) HD Ready LED TV , Rs.23700,4.432
Samsung 4 80cm (32 inch) HD Ready LED TV , Rs.29900Up to ,44
Samsung 4 80cm (32 inch) HD Ready LED TV , Rs.19900,3.910
Samsung 80cm (32 inch) Full HD LED Smart TV , Rs.28990,4.3259
Samsung 32 Inches HD LED UA32D4003B Television , Rs.26500,3.98
Samsung 32 Inches Full HD LED UA32D5000PRMXL Television , Rs.37000,4.580
Samsung (32 inch) Full HD LED TV , Rs.37000,4.443
Samsung 80cm (32 inch) HD Ready LED TV , Rs.15500,3.67
Samsung Series 4 80cm (32 inch) HD Ready LED TV , Rs.17999,4.22,692
Samsung Series 4 80cm (32 inch) HD Ready LED TV , Rs.23099,3.816
Samsung 80cm (32 inch) Full HD LED Smart TV , Rs.40900Up to ,4.4123
Thomson R9 80cm (32 inch) HD Ready LED TV , Rs.9999,4.33,271
Samsung 80cm (31.4 inch) HD Ready LED TV , Rs.26490,4.2198
